ID,Truth,Model
abaumannii_gi1,WzyC,True
abaumannii_gi2,WzyA,False
abaumannii_kl1,WzyC,True
abaumannii_kl10,WzyC,True
abaumannii_kl100,WzyA,True
abaumannii_kl101,WzyC,True
abaumannii_kl102,WzyB,True
abaumannii_kl103,WzyC,True
abaumannii_kl104,WzyC,True
abaumannii_kl105,WzyA,True
abaumannii_kl106,WzyA,True
abaumannii_kl107,WzyC,True
abaumannii_kl108,WzyC,True
abaumannii_kl109,WzyA,True
abaumannii_kl11,WzyA,True
abaumannii_kl110,WzyB,True
abaumannii_kl111,WzyA,True
abaumannii_kl112,WzyA,True
abaumannii_kl113,WzyC,True
abaumannii_kl114,WzyA,True
abaumannii_kl115,WzyA,True
abaumannii_kl116,WzyA,True
abaumannii_kl117,WzyA,True
abaumannii_kl118,WzyC,True
abaumannii_kl119,WzyA,True
abaumannii_kl12,WzyB,True
abaumannii_kl120,WzyA,True
abaumannii_kl121,WzyA,True
abaumannii_kl122,WzyA,True
abaumannii_kl123,WzyA,True
abaumannii_kl124,WzyC,True
abaumannii_kl125,WzyB,True
abaumannii_kl126,WzyC,True
abaumannii_kl127,WzyA,True
abaumannii_kl128,WzyA,True
abaumannii_kl129,WzyA,True
abaumannii_kl13,WzyB,True
abaumannii_kl130,WzyA,True
abaumannii_kl131,WzyC,True
abaumannii_kl132,WzyC,True
abaumannii_kl133,WzyC,True
abaumannii_kl134-1,WzyB,True
abaumannii_kl134-2,WzyC,True
abaumannii_kl135,WzyA,True
abaumannii_kl136,WzyB,True
abaumannii_kl137,WzyB,True
abaumannii_kl138,WzyA,True
abaumannii_kl139,WzyB,True
abaumannii_kl14,WzyB,True
abaumannii_kl140,WzyC,True
abaumannii_kl141,WzyA,True
abaumannii_kl142,WzyA,True
abaumannii_kl143,WzyA,True
abaumannii_kl144,WzyA,True
abaumannii_kl145,WzyC,True
abaumannii_kl146,WzyB,True
abaumannii_kl147,WzyB,True
abaumannii_kl148,WzyA,True
abaumannii_kl149,WzyA,True
abaumannii_kl15,WzyB,True
abaumannii_kl150,WzyC,True
abaumannii_kl151,WzyC,True
abaumannii_kl152,WzyC,True
abaumannii_kl153,WzyC,True
abaumannii_kl154,WzyB,True
abaumannii_kl155,WzyC,True
abaumannii_kl156,WzyC,True
abaumannii_kl157,WzyB,True
abaumannii_kl158,WzyB,True
abaumannii_kl159,WzyA,True
abaumannii_kl16,WzyC,True
abaumannii_kl160,WzyA,True
abaumannii_kl161,WzyC,True
abaumannii_kl162,WzyA,True
abaumannii_kl163,WzyA,True
abaumannii_kl164,WzyA,True
abaumannii_kl165,WzyA,True
abaumannii_kl166,WzyA,True
abaumannii_kl167,WzyC,True
abaumannii_kl168,WzyA,True
abaumannii_kl169,WzyA,True
abaumannii_kl17,WzyB,True
abaumannii_kl170,WzyA,True
abaumannii_kl171,WzyC,True
abaumannii_kl172,WzyB,True
abaumannii_kl173,WzyA,True
abaumannii_kl174,WzyC,True
abaumannii_kl175,WzyC,True
abaumannii_kl176,WzyA,True
abaumannii_kl177,WzyA,True
abaumannii_kl178,WzyA,True
abaumannii_kl179,WzyB,True
abaumannii_kl18,WzyB,True
abaumannii_kl180,WzyC,True
abaumannii_kl181,WzyA,True
abaumannii_kl182,WzyC,True
abaumannii_kl183,WzyA,True
abaumannii_kl184,WzyB,True
abaumannii_kl185,WzyC,True
abaumannii_kl186,WzyA,True
abaumannii_kl187,WzyC,True
abaumannii_kl188,WzyC,True
abaumannii_kl189,WzyA,True
abaumannii_kl190,WzyC,True
abaumannii_kl191,WzyB,True
abaumannii_kl192,WzyB,True
abaumannii_kl193,WzyA,True
abaumannii_kl194,WzyB,True
abaumannii_kl195,WzyA,True
abaumannii_kl196,WzyA,True
abaumannii_kl197,WzyA,True
abaumannii_kl198,WzyA,True
abaumannii_kl199,WzyC,True
abaumannii_kl2,WzyA,True
abaumannii_kl20,WzyC,True
abaumannii_kl200,WzyA,True
abaumannii_kl201,WzyB,True
abaumannii_kl202,WzyB,True
abaumannii_kl203,WzyB,True
abaumannii_kl204,WzyB,True
abaumannii_kl205,WzyC,True
abaumannii_kl206,WzyA,True
abaumannii_kl207,WzyB,True
abaumannii_kl208,WzyC,True
abaumannii_kl209,WzyC,True
abaumannii_kl21,WzyC,True
abaumannii_kl210,WzyC,True
abaumannii_kl211,WzyA,True
abaumannii_kl212,WzyB,True
abaumannii_kl213,WzyC,True
abaumannii_kl214,WzyB,True
abaumannii_kl215,WzyC,True
abaumannii_kl216,WzyA,True
abaumannii_kl217,WzyA,True
abaumannii_kl218,WzyA,True
abaumannii_kl219,WzyB,True
abaumannii_kl22,WzyA,True
abaumannii_kl220,WzyA,True
abaumannii_kl221,WzyC,True
abaumannii_kl222,WzyB,True
abaumannii_kl223,WzyB,True
abaumannii_kl224,WzyA,True
abaumannii_kl225,WzyA,True
abaumannii_kl226,WzyB,True
abaumannii_kl227,WzyB,True
abaumannii_kl228,WzyB,True
abaumannii_kl229,WzyC,True
abaumannii_kl23,WzyB,True
abaumannii_kl230,WzyC,True
abaumannii_kl231,WzyB,True
abaumannii_kl232,WzyB,True
abaumannii_kl233,WzyC,True
abaumannii_kl234,WzyA,True
abaumannii_kl235,WzyB,True
abaumannii_kl236,WzyB,True
abaumannii_kl237,WzyB,True
abaumannii_kl238,WzyA,True
abaumannii_kl239,WzyC,True
abaumannii_kl24,Missing,True
abaumannii_kl240,WzyC,True
abaumannii_kl241,WzyA,True
abaumannii_kl25,WzyB,True
abaumannii_kl26,WzyA,True
abaumannii_kl27,WzyA,True
abaumannii_kl28,WzyA,True
abaumannii_kl29,WzyA,True
abaumannii_kl3,WzyA,True
abaumannii_kl30,WzyC,True
abaumannii_kl31,WzyC,True
abaumannii_kl32,WzyA,True
abaumannii_kl33,WzyB,True
abaumannii_kl34,WzyC,True
abaumannii_kl35,WzyA,True
abaumannii_kl36,WzyA,True
abaumannii_kl37,WzyA,True
abaumannii_kl38,WzyA,True
abaumannii_kl4,WzyB,True
abaumannii_kl40,WzyB,True
abaumannii_kl41,WzyA,True
abaumannii_kl42,WzyA,True
abaumannii_kl43,WzyB,True
abaumannii_kl44,WzyC,True
abaumannii_kl45,WzyB,True
abaumannii_kl46,WzyA,True
abaumannii_kl47,WzyB,True
abaumannii_kl48,WzyA,True
abaumannii_kl49,WzyB,True
abaumannii_kl5,WzyA,True
abaumannii_kl50,WzyC,True
abaumannii_kl51,WzyA,True
abaumannii_kl52,WzyA,True
abaumannii_kl53,WzyA,True
abaumannii_kl54,WzyA,True
abaumannii_kl55,WzyA,True
abaumannii_kl56,WzyA,True
abaumannii_kl57,WzyB,True
abaumannii_kl58,WzyA,True
abaumannii_kl59,WzyA,True
abaumannii_kl6,WzyB,True
abaumannii_kl60,WzyA,True
abaumannii_kl61,WzyA,True
abaumannii_kl62,WzyC,True
abaumannii_kl63,WzyB,True
abaumannii_kl64,WzyA,True
abaumannii_kl65,WzyC,True
abaumannii_kl66,WzyB,True
abaumannii_kl67-1,WzyB,True
abaumannii_kl67-2,WzyC,True
abaumannii_kl68,WzyC,True
abaumannii_kl69,WzyC,True
abaumannii_kl7,WzyA,True
abaumannii_kl70,WzyA,True
abaumannii_kl71,WzyA,True
abaumannii_kl72,WzyA,True
abaumannii_kl73,WzyB,True
abaumannii_kl74,WzyA,True
abaumannii_kl75,WzyB,True
abaumannii_kl76,WzyC,True
abaumannii_kl77,WzyB,True
abaumannii_kl78,WzyB,True
abaumannii_kl79,WzyA,True
abaumannii_kl8,WzyA,True
abaumannii_kl80,WzyA,True
abaumannii_kl81,WzyA,True
abaumannii_kl82,WzyC,True
abaumannii_kl83,WzyA,True
abaumannii_kl84,WzyB,True
abaumannii_kl85,WzyA,True
abaumannii_kl86,WzyA,True
abaumannii_kl87,WzyA,True
abaumannii_kl88,WzyA,True
abaumannii_kl89,WzyA,True
abaumannii_kl9,WzyA,True
abaumannii_kl90,WzyA,True
abaumannii_kl91,WzyB,True
abaumannii_kl92,WzyC,True
abaumannii_kl93,WzyA,True
abaumannii_kl94,WzyA,True
abaumannii_kl95,WzyC,True
abaumannii_kl96,WzyA,True
abaumannii_kl97,WzyB,True
abaumannii_kl98,WzyA,True
abaumannii_kl99,WzyC,True
abaumannii_pgll_wp_272749414.1,ligases,True
abaumannii_ph1,WzyA,True
abaumannii_ph2,WzyC,True
abaumannii_ph3,Missing,True
abaumannii_ph4,Missing,True
abaumannii_pilo_wp_000914629.1,ligases,True
arnt_waal_q1ldt6,ligases,True
citrobacter_o12_awu66636.1,WzyC,True
citrobacter_o16_awu66650.1,WzyA,True
citrobacter_o22_awu66665.1,WzyB,True
citrobacter_o23_awu66675.1,WzyB,True
citrobacter_o24_awu66681.1,WzyC,True
citrobacter_o38_awu66741.1,WzyC,True
citrobacter_o41_awu66755.1,WzyA,True
cupriavidus_metallidurans_waal_q1lju1,ligases,True
ecloacae_o10_qhr93177.1,WzyB,True
ecloacae_o11_qhr93191.1,WzyB,True
ecloacae_o12_qhr93204.1,WzyB,True
ecloacae_o13_qhr93215.1,WzyA,True
ecloacae_o14_qhr93227.1,WzyB,True
ecloacae_o15_qhr93244.1,WzyA,True
ecloacae_o16_qhr93256.1,WzyB,True
ecloacae_o17_qhr93266.1,WzyB,True
ecloacae_o18_qhr93279.1,WzyB,True
ecloacae_o19_qhr93285.1,WzyB,True
ecloacae_o1_qhr93073.1,WzyC,True
ecloacae_o20_qhr93298.1,WzyA,True
ecloacae_o21_qhr93310.1,WzyB,True
ecloacae_o22_qhr93318.1,WzyA,True
ecloacae_o24_qhr93343.1,WzyB,True
ecloacae_o26_qhr93353.1,WzyA,True
ecloacae_o27_qhr93376.1,WzyB,True
ecloacae_o30_qhr93392.1,WzyC,True
ecloacae_o3_qhr93084.1,WzyC,True
ecloacae_o4_qhr93104.1,WzyA,True
ecloacae_o5_qhr93118.1,WzyB,True
ecloacae_o6_qhr93127.1,WzyC,True
ecloacae_o7_qhr93136.1,WzyA,True
ecloacae_o8_qhr93146.1,WzyC,True
ecloacae_o9_qhr93163.1,WzyB,True
ecoli__adi43263.1,Missing,True
ecoli__bau71586.1,Missing,True
ecoli__bav90458.1,Missing,True
ecoli_eca_pay77806.1,WzyB,True
ecoli_o100_aig62814.1,WzyC,True
ecoli_o102_afs33314.1,WzyC,True
ecoli_o103_aas73171.1,WzyA,True
ecoli_o104_aak64372.1,WzyA,True
ecoli_o105_aca24829.1,WzyA,True
ecoli_o106_aay23745.1,WzyB,True
ecoli_o107_ach97132.1,WzyB,True
ecoli_o108_ajr19457.1,WzyB,True
ecoli_o109_adr74237.1,WzyC,True
ecoli_o10_aig62532.1,WzyA,True
ecoli_o110_baq01533.1,WzyC,True
ecoli_o111_aad46730.1,WzyC,True
ecoli_o112ab_acd37086.1,WzyA,True
ecoli_o112ac_acd37014.1,WzyC,True
ecoli_o113_aad50486.1,WzyA,True
ecoli_o114_aat77177.1,WzyB,True
ecoli_o115_adn43838.1,WzyA,True
ecoli_o116_baq01563.1,WzyA,True
ecoli_o117_ach97143.1,WzyB,True
ecoli_o118_abm53642.1,WzyA,True
ecoli_o119_adb02825.1,WzyB,True
ecoli_o11_adv17650.1,WzyA,True
ecoli_o120_baq01584.1,WzyA,True
ecoli_o121_afc91472.1,WzyB,True
ecoli_o123_baq02224.1,WzyB,True
ecoli_o124_acd37138.1,WzyA,True
ecoli_o125ab_akm71200.1,WzyB,True
ecoli_o126_abe98419.1,WzyA,True
ecoli_o127_aar90892.1,WzyB,True
ecoli_o128_aao37701.1,WzyA,True
ecoli_o129_acd37181.1,WzyC,True
ecoli_o12_aig62543.1,WzyA,True
ecoli_o130_acd37157.1,WzyC,True
ecoli_o131_aig62402.1,WzyA,True
ecoli_o132_aig62486.1,WzyC,True
ecoli_o133_aig62394.1,WzyB,True
ecoli_o134_baq01687.1,WzyC,True
ecoli_o135_acd37173.1,WzyC,True
ecoli_o136_aig62419.1,WzyC,True
ecoli_o137_aig62424.1,WzyC,True
ecoli_o138_aaz85713.1,WzyC,True
ecoli_o139_aig62435.1,WzyB,True
ecoli_o13_baq02138.1,WzyC,True
ecoli_o140_aig62480.1,WzyA,True
ecoli_o141_abi98976.1,WzyA,True
ecoli_o142_agn91838.1,WzyB,True
ecoli_o143_aca24764.1,WzyC,True
ecoli_o144_aig62452.1,WzyA,True
ecoli_o145_aax58762.1,WzyC,True
ecoli_o146_abe98437.1,WzyC,True
ecoli_o147_abi98986.1,WzyC,True
ecoli_o148_aba42232.1,WzyB,True
ecoli_o149_aaz65837.1,WzyA,True
ecoli_o150_aca24803.1,WzyA,True
ecoli_o151_adj19203.1,Missing,True
ecoli_o151_adq37322.1,WzyA,True
ecoli_o152_aca24821.1,WzyA,True
ecoli_o153_baq01759.1,WzyC,True
ecoli_o154_baq01780.1,WzyB,True
ecoli_o155_aav74550.1,WzyA,True
ecoli_o156_aig62555.1,WzyC,True
ecoli_o157_aac32340.1,WzyB,True
ecoli_o158_adn43871.1,WzyC,True
ecoli_o159_aca24890.1,WzyA,True
ecoli_o15_aav74543.1,WzyC,True
ecoli_o160_baq01812.1,WzyC,True
ecoli_o161_adj19203.1,WzyC,False
ecoli_o163_ajr19405.1,WzyB,True
ecoli_o164_acd37146.1,WzyA,True
ecoli_o165_adn43883.1,WzyB,True
ecoli_o166_adc54957.1,WzyA,True
ecoli_o167_acd37046.1,WzyC,True
ecoli_o168_acd36996.1,WzyC,True
ecoli_o169_aig62720.1,WzyA,True
ecoli_o16_baq00653.1,WzyB,True
ecoli_o170_aig62733.1,WzyC,True
ecoli_o171_aig56920.2,WzyC,True
ecoli_o172_aat28922.1,WzyB,True
ecoli_o173_adn43894.1,WzyA,True
ecoli_o174_aay28249.1,WzyC,True
ecoli_o175_aig56909.1,WzyC,True
ecoli_o176_aig62743.1,WzyB,True
ecoli_o177_aay28257.1,WzyC,True
ecoli_o178_aig62747.1,WzyC,True
ecoli_o179_aig62759.1,WzyC,True
ecoli_o17_baq02105.1,WzyB,True
ecoli_o180_afn02899.1,WzyB,True
ecoli_o181_aig62769.1,WzyA,True
ecoli_o182_aig62775.1,WzyC,True
ecoli_o183_bal03056.1,WzyA,True
ecoli_o184_baq02031.1,WzyC,True
ecoli_o185_baq02048.1,WzyB,True
ecoli_o186_baq02068.1,WzyB,True
ecoli_o187_aig56949.1,WzyC,True
ecoli_o18_adc54950.1,WzyB,True
ecoli_o19_baq00705.1,WzyB,True
ecoli_o1_adc54929.1,WzyA,True
ecoli_o21_ach97162.1,WzyA,True
ecoli_o22_abi34562.1,WzyC,True
ecoli_o23_aig62571.1,WzyA,True
ecoli_o24_aig62584.1,WzyA,True
ecoli_o25_adi43263.1,WzyC,False
ecoli_o26_aan60459.1,WzyA,True
ecoli_o27_adi43271.1,WzyA,True
ecoli_o28ab_ajr19372.1,WzyB,True
ecoli_o29_aca24852.1,WzyA,True
ecoli_o2_acd75809.1,WzyA,True
ecoli_o30_aig62591.1,WzyB,True
ecoli_o32_acd37058.1,WzyC,True
ecoli_o33_aig62598.1,WzyC,True
ecoli_o34_aig62789.1,WzyA,True
ecoli_o35_acv67289.1,WzyA,True
ecoli_o36_baq00830.1,WzyB,True
ecoli_o37_aig62499.1,WzyC,True
ecoli_o38_ajr19362.1,WzyA,True
ecoli_o39_baq00879.1,WzyB,True
ecoli_o3_ach97152.1,WzyA,True
ecoli_o40_acd37117.1,WzyC,True
ecoli_o41_baq00893.1,WzyA,True
ecoli_o42_baq00911.1,WzyB,True
ecoli_o43_aig62638.1,WzyC,True
ecoli_o44_wp_000549530.1,WzyB,True
ecoli_o45_aax07747.1,WzyB,True
ecoli_o46_baq00957.1,WzyC,True
ecoli_o48_aig62384.1,WzyC,True
ecoli_o49_baq00994.1,WzyC,True
ecoli_o4_aat85653.1,WzyA,True
ecoli_o50_baq01012.1,WzyA,True
ecoli_o51_baq01024.1,WzyA,True
ecoli_o53_abz79721.1,WzyC,True
ecoli_o54_baq02116.1,WzyA,True
ecoli_o55_aal67557.1,WzyA,True
ecoli_o56_abb29916.1,WzyA,True
ecoli_o56_aca24882.1,Missing,True
ecoli_o58_aca24882.1,WzyC,False
ecoli_o59_aav74376.1,WzyB,True
ecoli_o5ab_ajr19356.1,WzyB,True
ecoli_o61_adj19217.1,WzyB,True
ecoli_o62_agn91809.1,WzyB,True
ecoli_o63_acd75796.1,WzyB,True
ecoli_o64_baq01114.1,WzyC,True
ecoli_o65_ajr19392.1,WzyB,True
ecoli_o66_aaz20761.1,WzyB,True
ecoli_o68_ait92164.1,WzyB,True
ecoli_o69_aig62798.1,WzyA,True
ecoli_o6_cad19991.1,WzyB,True
ecoli_o70_cbn82200.1,WzyB,True
ecoli_o71_adi77033.1,WzyB,True
ecoli_o73_aay23733.1,WzyB,True
ecoli_o74_baq01207.1,WzyC,True
ecoli_o75_aig62607.1,WzyA,True
ecoli_o76_baq01218.1,WzyC,True
ecoli_o77_aay23739.1,WzyB,True
ecoli_o78_aig62619.1,WzyA,True
ecoli_o79_aig62648.1,WzyB,True
ecoli_o7_aad44158.1,WzyB,True
ecoli_o80_baq01238.1,WzyC,True
ecoli_o81_aig62868.1,WzyA,True
ecoli_o82_baq01266.1,WzyC,True
ecoli_o83_aig62838.1,WzyC,True
ecoli_o84_aje24489.1,WzyA,True
ecoli_o85_aig62657.1,WzyC,True
ecoli_o86_b7_aao37717.1,WzyB,True
ecoli_o87_aca24901.1,WzyA,True
ecoli_o88_aig62878.1,WzyC,True
ecoli_o8_baq00597.1,WzyC,True
ecoli_o90_baq01361.1,WzyB,True
ecoli_o91_aak60458.1,WzyC,True
ecoli_o93_baq01386.1,WzyC,True
ecoli_o96_aig62627.1,WzyC,True
ecoli_o98_abb04486.1,WzyA,True
ecoli_ogn10_bau71608.1,WzyB,False
ecoli_ogn12_bau71625.1,WzyA,True
ecoli_ogn13_bav90482.1,WzyA,True
ecoli_ogn14_bav90498.1,WzyA,True
ecoli_ogn15_bav90511.1,WzyB,True
ecoli_ogn16_bav90529.1,WzyB,True
ecoli_ogn17_bav90548.1,WzyC,True
ecoli_ogn1_bau71558.1,WzyC,True
ecoli_ogn2_bav90417.1,WzyA,True
ecoli_ogn31_bau71639.1,WzyB,True
ecoli_ogn3_bav90433.1,WzyB,True
ecoli_ogn4_bav90441.1,WzyC,True
ecoli_ogn5_bau71572.1,Missing,True
ecoli_ogn5_bav90458.1,WzyC,False
ecoli_ogn8_bau71572.1,WzyC,False
ecoli_ogn9_bau71586.1,WzyB,False
ecoli_ogn9_bau71608.1,Missing,True
ecoli_ox13_ajr19385.1,WzyC,True
ecoli_ox18_aig62370.1,WzyC,True
ecoli_ox25_ajr19416.1,WzyA,True
ecoli_waal_r1_aac69682.1,ligases,True
ecoli_waal_r2_aac69661.1,ligases,True
ecoli_waal_r3_aac69648.1,ligases,True
ecoli_waal_r4_aac69671.1,ligases,True
ecoli_waal_r5_np_418079.1,ligases,True
ipr002760_o_anti_polymase_seed_o26751,HMM Seed,True
ipr007016_wzy_c_seed_q6mi87,HMM Seed,True
ipr009630_duf1229_seed_q8f5m4,HMM Seed,True
ipr010691_wzye_seed_q329x2,HMM Seed,True
ipr017528_pep_o_lig_1_seed_a0a6l5qa75,HMM Seed,True
ipr021797_wzy_c2_seed_q122i6,HMM Seed,True
ipr024013_colanic_acid_synth_wcad_seed_a0a0a1a6j9,HMM Seed,True
ipr029468_oag_pol_wzy_seed_p39854,HMM Seed,True
ipr045918_duf6337_seed_a0a1e3x2d7,HMM Seed,True
ipr045949_duf6369_seed_b1xzr5,HMM Seed,True
ipr045979_duf5935_seed_a0a0q4kqw8,HMM Seed,True
ipr046073_duf6032_seed_q93qw1,HMM Seed,True
ipr046303_duf6418_seed_a0a2s2fhd5,HMM Seed,True
ipr049458_epsg_seeda0km85a0km85,HMM Seed,True
klebsiella_kl101_12,WzyA,True
klebsiella_kl102_08,WzyA,True
klebsiella_kl103_12,WzyA,True
klebsiella_kl104_12,WzyC,True
klebsiella_kl105_13,WzyC,True
klebsiella_kl106_07,WzyC,True
klebsiella_kl108_11,WzyC,True
klebsiella_kl109_12,WzyC,True
klebsiella_kl10_14,WzyC,True
klebsiella_kl110_09,WzyA,True
klebsiella_kl111_07,WzyC,True
klebsiella_kl112_09,WzyC,True
klebsiella_kl114_08,WzyB,True
klebsiella_kl115_10,WzyA,True
klebsiella_kl116_09,WzyA,True
klebsiella_kl117_11,WzyC,True
klebsiella_kl118_09,WzyA,True
klebsiella_kl119_07,WzyC,True
klebsiella_kl11_08,WzyA,True
klebsiella_kl120_13,WzyA,True
klebsiella_kl121_09,WzyC,True
klebsiella_kl122_07,WzyC,True
klebsiella_kl123_09,WzyA,True
klebsiella_kl124_11,WzyA,True
klebsiella_kl125_09,WzyA,True
klebsiella_kl127_09,WzyB,True
klebsiella_kl128_09,WzyB,True
klebsiella_kl12_12,WzyB,True
klebsiella_kl130_08,WzyC,True
klebsiella_kl131_17,WzyA,True
klebsiella_kl132_07,WzyC,True
klebsiella_kl133_07,WzyC,True
klebsiella_kl134_10,WzyA,True
klebsiella_kl135_13,WzyA,True
klebsiella_kl136_07,WzyA,True
klebsiella_kl137_15,WzyA,True
klebsiella_kl138_09,WzyA,True
klebsiella_kl139_07,WzyA,True
klebsiella_kl13_09,WzyC,True
klebsiella_kl140_07,WzyA,True
klebsiella_kl141_11,WzyC,True
klebsiella_kl142_11,WzyC,True
klebsiella_kl143_09,WzyC,True
klebsiella_kl144_09,WzyC,True
klebsiella_kl145_13,WzyA,True
klebsiella_kl146_07,WzyC,True
klebsiella_kl147_09,WzyC,True
klebsiella_kl149_14,WzyA,True
klebsiella_kl14_11,WzyC,True
klebsiella_kl150_08,WzyC,True
klebsiella_kl151_11,WzyB,True
klebsiella_kl152_08,WzyA,True
klebsiella_kl153_07,WzyC,True
klebsiella_kl154_07,WzyC,True
klebsiella_kl155_13,WzyB,True
klebsiella_kl156-d1_09,WzyC,True
klebsiella_kl157_11,WzyC,True
klebsiella_kl158_09,WzyA,True
klebsiella_kl159_11,WzyB,True
klebsiella_kl15_12,WzyA,True
klebsiella_kl160_07,WzyC,True
klebsiella_kl162_11,WzyB,True
klebsiella_kl163_08,WzyC,True
klebsiella_kl164_10,WzyA,True
klebsiella_kl165_08,WzyA,True
klebsiella_kl166_09,WzyA,True
klebsiella_kl167_07,WzyC,True
klebsiella_kl168_14,WzyC,True
klebsiella_kl169_11,WzyB,True
klebsiella_kl16_08,WzyB,True
klebsiella_kl170_12,WzyA,True
klebsiella_kl171_07,WzyC,True
klebsiella_kl172_21,WzyA,True
klebsiella_kl173_07,WzyC,True
klebsiella_kl174_07,WzyC,True
klebsiella_kl175_12,WzyA,True
klebsiella_kl176_11,WzyA,True
klebsiella_kl177_07,WzyC,True
klebsiella_kl178_07,WzyC,True
klebsiella_kl179_08,WzyA,True
klebsiella_kl17_07,WzyC,True
klebsiella_kl180_09,WzyA,True
klebsiella_kl181_10,WzyA,True
klebsiella_kl182_07,WzyC,True
klebsiella_kl183_12,WzyA,True
klebsiella_kl184_18,WzyA,True
klebsiella_kl185_12,WzyA,True
klebsiella_kl186_12,WzyC,True
klebsiella_kl18_12,WzyC,True
klebsiella_kl19_13,WzyA,True
klebsiella_kl1_09,WzyC,True
klebsiella_kl20_08,WzyC,True
klebsiella_kl21_08,WzyC,True
klebsiella_kl22_07,WzyC,True
klebsiella_kl23_10,WzyA,True
klebsiella_kl24_09,WzyC,True
klebsiella_kl25_08,WzyC,True
klebsiella_kl26_07,WzyC,True
klebsiella_kl27_11,WzyA,True
klebsiella_kl28_10,WzyC,True
klebsiella_kl2_10,WzyC,True
klebsiella_kl30_10,WzyC,True
klebsiella_kl31_09,WzyA,True
klebsiella_kl32_11,WzyB,True
klebsiella_kl33_18,WzyC,True
klebsiella_kl34_xan29115.1,WzyA,True
klebsiella_kl35_07,WzyC,True
klebsiella_kl36_12,WzyA,True
klebsiella_kl37_07,WzyC,True
klebsiella_kl38_08,WzyA,True
klebsiella_kl39_08,WzyA,True
klebsiella_kl3_14,WzyC,True
klebsiella_kl40_13,WzyB,True
klebsiella_kl41_12,WzyB,True
klebsiella_kl42_09,WzyA,True
klebsiella_kl43_09,WzyB,True
klebsiella_kl44_11,WzyC,True
klebsiella_kl45_11,WzyB,True
klebsiella_kl46_09,WzyC,True
klebsiella_kl47_11,WzyB,True
klebsiella_kl48_10,WzyA,True
klebsiella_kl49_08,WzyB,True
klebsiella_kl4_15,WzyC,True
klebsiella_kl51_09,WzyA,True
klebsiella_kl52_13,WzyA,True
klebsiella_kl53_10,WzyA,True
klebsiella_kl54_09,WzyC,True
klebsiella_kl55_11,WzyC,True
klebsiella_kl56_13,WzyA,True
klebsiella_kl57_11,WzyC,True
klebsiella_kl58_09,WzyB,True
klebsiella_kl59_07,WzyA,True
klebsiella_kl5_07,WzyC,True
klebsiella_kl60_07,WzyA,True
klebsiella_kl61_09,WzyC,True
klebsiella_kl62_11,WzyC,True
klebsiella_kl63_10,WzyB,True
klebsiella_kl64_10,WzyC,True
klebsiella_kl65_07,WzyA,True
klebsiella_kl66_09,WzyC,True
klebsiella_kl67_07,WzyA,True
klebsiella_kl68_12,WzyC,True
klebsiella_kl69_10,WzyC,True
klebsiella_kl6_07,WzyC,True
klebsiella_kl70_10,WzyA,True
klebsiella_kl71_13,WzyC,True
klebsiella_kl72_12,WzyB,True
klebsiella_kl74_11,WzyC,True
klebsiella_kl79_12,WzyA,True
klebsiella_kl7_10,WzyA,True
klebsiella_kl80_bat24408.1,WzyC,True
klebsiella_kl81_09,WzyA,True
klebsiella_kl82_09,WzyA,True
klebsiella_kl8_07,WzyA,True
klebsiella_kl9_10,WzyB,True
klebsiella_waal_aad37765.1,ligases,True
myxococcus_waal_abf89195.1,ligases,True
neisseria_meningitidis_pgll_aek98518.1,ligases,True
nf033860_wzy_o6_o28_seed_a0a4q7bkv0,HMM Seed,True
nf041436_wzy_strepto_seed_a0a822w5q0,HMM Seed,True
nf041870_wzy_eps_a0a554gry5,Missing,True
paeruginosa,ligases,True
paeruginosa_o10_aam27560.1,WzyB,False
paeruginosa_o11_aam27574.1,WzyC,False
paeruginosa_o12_aam27595.1,WzyB,False
paeruginosa_o13_aam27615.1,WzyC,False
paeruginosa_o15_lory_aam27645.1,WzyC,False
paeruginosa_o16_prophage_abm21470.1,WzyC,True
paeruginosa_o18_aam27693.1,WzyB,True
paeruginosa_o19_aam27711.1,WzyB,True
paeruginosa_o1_aam27546.1,WzyB,True
paeruginosa_o20_aam27748.1,WzyB,True
paeruginosa_o2_prophage_abm21469.1,WzyC,True
paeruginosa_o3_aam27766.1,WzyC,True
paeruginosa_o4_aam27782.1,WzyC,True
paeruginosa_o5_aag06542.1,WzyB,True
paeruginosa_o7_aam27831.1,WzyC,False
paeruginosa_o8_aam27851.1,WzyC,False
paeruginosa_o9_aam27879.1,WzyA,False
paeurginosa_o10_aam27560.1,Missing,True
paeurginosa_o11_aam27574.1,Missing,True
paeurginosa_o12_aam27595.1,Missing,True
paeurginosa_o13_aam27615.1,Missing,True
paeurginosa_o15_lory_aam27645.1,Missing,True
paeurginosa_o7_aam27831.1,Missing,True
paeurginosa_o8_aam27851.1,Missing,True
paeurginosa_o9_aam27879.1,Missing,True
proteus_o10_adl32296.1,WzyB,True
proteus_o11_axy99417.1,WzyC,True
proteus_o12_axy99432.1,WzyA,True
proteus_o13_axy99447.1,WzyA,True
proteus_o14ab_axy99463.1,WzyA,True
proteus_o16_axy99476.1,WzyB,True
proteus_o17_axy99492.1,WzyB,True
proteus_o18_qim23321.1,WzyA,True
proteus_o19a_axy99523.1,WzyA,True
proteus_o1_axy99318.1,WzyA,True
proteus_o20_axy99542.1,WzyC,True
proteus_o21_axy99555.1,WzyC,True
proteus_o23a_23c_adl32314.1,WzyB,True
proteus_o24_axy99570.1,WzyC,True
proteus_o25_axy99585.1,WzyC,True
proteus_o26_axy99601.1,WzyC,True
proteus_o27_adl32320.1,WzyA,True
proteus_o28_axz00116.1,WzyC,True
proteus_o29a_axy99612.1,WzyC,True
proteus_o2_axy99336.1,WzyA,True
proteus_o30_axy99624.1,WzyC,True
proteus_o31ab_axy99635.1,WzyB,True
proteus_o32_axy99655.1,WzyA,True
proteus_o33_axy99670.1,WzyC,True
proteus_o34_axy99682.1,WzyA,True
proteus_o36_axy99696.1,WzyB,True
proteus_o37ab_axy99713.1,WzyB,True
proteus_o3a_3c_adl32282.1,WzyA,True
proteus_o40_axy99727.1,WzyA,True
proteus_o41_axy99743.1,WzyA,True
proteus_o42_axy99754.1,WzyB,True
proteus_o44_axy99768.1,WzyC,True
proteus_o45_axy99788.1,WzyA,True
proteus_o45_axy99801.1,Missing,True
proteus_o47_adl32336.1,WzyC,True
proteus_o48_axy99801.1,WzyC,False
proteus_o50_axy99813.1,WzyA,True
proteus_o51_axy99835.1,WzyA,True
proteus_o52_axy99843.1,WzyC,True
proteus_o53_axy99857.1,WzyA,True
proteus_o54ab_axy99873.1,WzyB,True
proteus_o55_axy99885.1,WzyB,True
proteus_o56_axy99906.1,WzyB,True
proteus_o57_axy99926.1,WzyC,True
proteus_o58_axy99943.1,WzyC,True
proteus_o59_axy99961.1,WzyC,True
proteus_o5_axy99352.1,WzyC,True
proteus_o60_axz00132.1,WzyC,True
proteus_o61_axy99974.1,WzyC,True
proteus_o62_axy99991.1,WzyA,True
proteus_o65_axz00003.1,WzyC,True
proteus_o67_axz00013.1,WzyC,True
proteus_o69_axz00032.1,WzyC,True
proteus_o6_axy99368.1,WzyC,True
proteus_o71_axz00047.1,WzyA,True
proteus_o72ab_axz00060.1,WzyC,True
proteus_o73ab_axz00072.1,WzyA,True
proteus_o74_axz00085.1,WzyB,True
proteus_o75_axz00101.1,WzyA,True
proteus_o8_axy99381.1,WzyB,True
proteus_o9_axy99400.1,WzyA,True
proteus_waal_car46213.1,ligases,True
salmonella_a_aav77445.1,WzyB,True
salmonella_b1_aaa27210.1,WzyB,True
salmonella_b2_acf92750.1,WzyB,True
salmonella_c1_aab49386.1,WzyA,True
salmonella_c2_acf64132.1,WzyC,True
salmonella_d1_ach74809.1,WzyB,True
salmonella_d2_ags07363.1,WzyB,True
salmonella_d3_ags07346.1,WzyB,True
salmonella_e_caa43077.1,WzyB,True
salmonella_o11_afw04820.1,WzyA,True
salmonella_o13_abp35578.1,WzyB,True
salmonella_o16_adv17638.1,WzyA,True
salmonella_o17_abl63455.1,WzyC,True
salmonella_o18_abl63451.1,WzyB,True
salmonella_o21_afw04741.1,WzyC,True
salmonella_o28_aco40479.1,WzyB,True
salmonella_o30_aav34507.1,WzyB,True
salmonella_o35_aak83017.1,WzyC,True
salmonella_o38_adv17634.1,WzyA,True
salmonella_o39_afw04696.1,WzyC,True
salmonella_o40_afw04706.1,WzyB,True
salmonella_o41_acj26814.1,WzyB,True
salmonella_o42_afw04812.1,WzyA,True
salmonella_o43_afw04802.1,WzyB,True
salmonella_o44_afw04828.1,WzyC,True
salmonella_o45_afw04716.1,WzyC,True
salmonella_o47_afw04867.1,WzyA,True
salmonella_o48_afw04668.1,WzyC,True
salmonella_o50_aav34523.1,WzyA,True
salmonella_o51_afw04888.1,WzyA,True
salmonella_o52_afw04790.1,WzyB,True
salmonella_o53_afw04837.1,WzyC,True
salmonella_o55_adi39344.1,WzyA,True
salmonella_o56_adi77005.1,WzyB,True
salmonella_o57_afw04883.1,WzyA,True
salmonella_o58_acj26787.1,WzyB,True
salmonella_o59_afw04847.1,WzyC,True
salmonella_o60_afw04860.1,WzyA,True
salmonella_o61_afw04757.1,WzyB,True
salmonella_o62_afw04785.1,WzyA,True
salmonella_o63_afw04735.1,WzyA,True
salmonella_o65_afw04684.1,WzyA,True
salmonella_o6_14_aaq91207.1,WzyB,True
shigella_b10_aaw29815.1,WzyA,True
shigella_b11_aas98031.1,WzyA,True
shigella_b12_acd37026.1,WzyC,True
shigella_b13_aar24270.1,WzyB,True
shigella_b14_acd37051.1,WzyC,True
shigella_b15_acd37078.1,WzyA,True
shigella_b16_abd19779.1,WzyC,True
shigella_b17_abi55342.1,WzyA,True
shigella_b18_aay23339.1,WzyB,True
shigella_b1_ugn72586.1,WzyA,True
shigella_b2_acd37126.1,WzyB,True
shigella_b3_acd37037.1,WzyC,True
shigella_b4_aal27318.1,WzyC,True
shigella_b5_aal27327.1,WzyB,True
shigella_b6_aal27339.1,WzyA,True
shigella_b7_acd37072.1,WzyB,True
shigella_b8_aca24754.1,WzyC,True
shigella_b9_aal27351.1,WzyB,True
shigella_d10_aca24912.1,WzyC,True
shigella_d11_aca24840.1,WzyA,True
shigella_d12_aca24811.1,WzyA,True
shigella_d13_aca24792.1,WzyA,True
shigella_d1_ugn72378.1,WzyB,True
shigella_d2_acd37006.1,WzyC,True
shigella_d3_acd37105.1,WzyA,True
shigella_d4_acd36984.1,WzyC,True
shigella_d5_aca24868.1,WzyC,True
shigella_d7_aar97964.1,WzyB,True
shigella_d8_aca24776.1,WzyA,True
shigella_d9_acd37111.1,WzyC,True
shigella_f2_ugn72493.1,WzyC,True
shigella_f6_aca24772.1,WzyC,True
spneumoniae_10a_cai33048.1,WzyA,True
spneumoniae_10b_cai34733.1,WzyA,True
spneumoniae_10c_cai33084.1,WzyA,True
spneumoniae_10d_39x,WzyA,True
spneumoniae_10f_cai33105.1,WzyA,True
spneumoniae_11a_cai33128.1,WzyC,True
spneumoniae_11b_cai33149.1,WzyC,True
spneumoniae_11c_cai33169.1,WzyC,True
spneumoniae_11d_cai33188.1,WzyC,True
spneumoniae_11e_adn28010.1,WzyC,True
spneumoniae_11f_cai33207.1,WzyC,True
spneumoniae_12a_cai33226.1,WzyC,True
spneumoniae_12b_cai33252.1,WzyC,True
spneumoniae_12f_cai33278.1,WzyC,True
spneumoniae_13_cai33309.1,WzyC,True
spneumoniae_14_cai33324.1,WzyC,True
spneumoniae_15a_cai33343.1,WzyC,True
spneumoniae_15b_cai33366.1,WzyC,True
spneumoniae_15c_cai33389.1,WzyC,True
spneumoniae_15f_cai33412.1,WzyC,True
spneumoniae_16a_cai33441.1,WzyC,True
spneumoniae_16f_cai33466.1,WzyC,True
spneumoniae_17a_cai33491.1,WzyC,True
spneumoniae_17f_cai33515.1,WzyC,True
spneumoniae_18a_cai33537.1,WzyC,True
spneumoniae_18b_cai33561.1,WzyC,True
spneumoniae_18c_cai33585.1,WzyC,True
spneumoniae_18f_cai33610.1,WzyC,True
spneumoniae_19a_cai33631.1,WzyB,True
spneumoniae_19b_cai33652.1,WzyC,True
spneumoniae_19c_cai33675.1,WzyC,True
spneumoniae_19f_cai33700.1,WzyB,True
spneumoniae_1_cai32705.1,WzyB,True
spneumoniae_20a_cai33718.1,WzyA,True
spneumoniae_20b_afn40464.1,WzyA,True
spneumoniae_21_cai33745.1,WzyC,True
spneumoniae_22a_cai33774.1,WzyB,True
spneumoniae_22f_cai33798.1,WzyB,True
spneumoniae_23a_cai33817.1,WzyC,True
spneumoniae_23b_cai33840.1,WzyC,True
spneumoniae_23f_cai33862.1,WzyC,True
spneumoniae_24a_cai33890.1,WzyC,True
spneumoniae_24b_1_cai33915.1,WzyC,True
spneumoniae_24c_24x_up74135.1,WzyC,True
spneumoniae_24f_1_cai33941.1,WzyC,True
spneumoniae_25a_cai33966.2,WzyB,True
spneumoniae_25f_cai33983.1,WzyB,True
spneumoniae_27_cai34008.1,WzyA,True
spneumoniae_28a_cai34032.1,WzyC,True
spneumoniae_28f_cai34057.2,WzyC,True
spneumoniae_29_cai34080.1,WzyC,True
spneumoniae_2_cai32727.1,WzyC,True
spneumoniae_31_cai34099.1,WzyC,True
spneumoniae_32a_cai34124.1,WzyC,True
spneumoniae_32f_cai34150.1,WzyC,True
spneumoniae_33a_cai34177.1,WzyC,True
spneumoniae_33b_cai34198.1,WzyC,True
spneumoniae_33c_cai34217.1,WzyC,True
spneumoniae_33d_cai34236.1,WzyC,True
spneumoniae_33f_cai34254.1,WzyC,True
spneumoniae_33g_wnt95670.1,WzyC,True
spneumoniae_34_cai34269.1,WzyB,True
spneumoniae_35a_cai34286.1,WzyC,True
spneumoniae_35b_cai34310.1,WzyC,True
spneumoniae_35c_cai34328.1,WzyC,True
spneumoniae_35d_aqs23546.1,WzyC,True
spneumoniae_35f_cai34348.1,WzyC,True
spneumoniae_36_cai34369.1,WzyC,True
spneumoniae_37_cai34388.1,WzyC,True
spneumoniae_38_cai34407.1,WzyB,True
spneumoniae_39_cai34436.1,WzyA,True
spneumoniae_40_cai34454.1,WzyC,True
spneumoniae_41a_cai34475.1,WzyC,True
spneumoniae_41f_cai34498.1,WzyC,True
spneumoniae_42_cai34519.1,WzyC,True
spneumoniae_43_cai34544.1,WzyC,True
spneumoniae_44_cai34753.1,WzyC,True
spneumoniae_45_cai34587.1,WzyA,True
spneumoniae_46_cai34613.1,WzyC,True
spneumoniae_47a_cai34641.1,WzyC,True
spneumoniae_47f_cai34657.1,WzyC,True
spneumoniae_48_cai34680.1,WzyC,True
spneumoniae_4_cai32772.1,WzyB,True
spneumoniae_5_cai32797.1,WzyC,True
spneumoniae_6a_cai32823.1,WzyB,True
spneumoniae_6b_cai32843.1,WzyB,True
spneumoniae_6c_aeo88686.1,WzyB,True
spneumoniae_6d_ado95346.1,WzyB,True
spneumoniae_6e_sbt85383.1,WzyB,True
spneumoniae_6f_ahf51336.1,WzyB,True
spneumoniae_6g_ahf51351.1,WzyB,True
spneumoniae_7a_cai32867.1,WzyC,True
spneumoniae_7b_cai32889.1,WzyC,True
spneumoniae_7c_cai32910.1,WzyC,True
spneumoniae_7f_cai32935.1,WzyC,True
spneumoniae_8_cai32957.1,WzyC,True
spneumoniae_9a_cai32973.1,WzyC,True
spneumoniae_9l_cai32993.1,WzyC,True
spneumoniae_9n_cai33011.1,WzyC,True
spneumoniae_9v_cai33029.1,WzyC,True
tigr04370_glyco_rpt_poly_seed_a0a420e603,HMM Seed,True
vibrio_cholerae_pgll_wp_001883229.1,ligases,True
vibrio_cholerae_waal_aal76926.1,ligases,True
ypseudotuberculosis_o10_adx97403.1,WzyC,True
ypseudotuberculosis_o11_acv52983.1,WzyB,True
ypseudotuberculosis_o12_afv46136.1,WzyA,True
ypseudotuberculosis_o15_cax18360.1,WzyB,True
ypseudotuberculosis_o1a_aan23041.1,WzyA,True
ypseudotuberculosis_o1b_cab63298.1,WzyB,True
ypseudotuberculosis_o1c_adi59429.1,WzyC,True
ypseudotuberculosis_o2a_aan23078.1,WzyA,True
ypseudotuberculosis_o2b_adi59445.1,WzyC,True
ypseudotuberculosis_o2c_aka20935.1,WzyB,True
ypseudotuberculosis_o3_ajj60823.1,WzyB,True
ypseudotuberculosis_o4a_aka20966.1,WzyB,True
ypseudotuberculosis_o4b_aan23057.1,WzyA,True
ypseudotuberculosis_o5a_aka20981.1,WzyB,True
ypseudotuberculosis_o5b_aka20999.1,WzyB,True
ypseudotuberculosis_o6_aep25500.1,WzyA,True
ypseudotuberculosis_o7_aep25477.1,WzyC,True
ypseudotuberculosis_o9_cdf66396.1,WzyB,True
